epoch,step,train_MAE,train_RMSE,train_Total_Loss
0,274,0.3343186676502228,0.4123857915401459,0.3343186676502228
