epoch,step,train_MAE,train_RMSE,train_Total_Loss
0,119,0.6914339065551758,1.359323263168335,0.6914339065551758
