epoch,step,train_MAE,train_RMSE,train_Total_Loss
0,274,0.3313283622264862,0.4093315005302429,0.3313283622264862
